M,N,K,AverageTimeCPU(ms),AverageTimeGPU(ms),FLOPs,PerformanceCPU(GFLOP/s),PerformanceGPU(GFLOP/s),PerformanceProportion(time/MNK)
1024,1024,1024,55.6256,0.188659,2.14748e+09,38.606,11382.9,5.18054e-08
1124,1124,1124,64.6343,0.235299,2.84007e+09,43.9406,12070,4.5516e-08
1224,1224,1224,81.6218,0.294029,3.66753e+09,44.9333,12473.4,4.45104e-08
1324,1324,1324,106.824,0.350506,4.64188e+09,43.4535,13243.4,4.60262e-08
